SKU (codigo Bling),ID Produto Shopify (ID na loja)
3510,9380921508059
tn660 DropChina,9380921671899
kit tn660 5pc DropChina,9380921868507
hp 1105,9380922065115
Teclado Walker v2,9380922228955
papel foto 230g 50 folhas,9380922458331
Teclado Shadow valley clanm,9380922687707
ISD12,9380922917083
papel 230g 100 folha,9380923146459
d111S,9380923310299
ISD Full,9380923539675
660 X,9380923703515
kit 100 folhas 180gr,9380923900123
papel foto 230g 100 folhas,9380924162267
230gr M,9380924358875
130gr 100 folhas dois pacote de 50,9380924588251
1105 kit 3,9380924784859
1105 evol,9380925047003
1105 Drop,9380925341915
tn600 M,9380925571291
180gr pacote 50,9380925898971
TECLADO SNOW WALKER V2,9380926161115
1105 X,9380926456027
130gr PCT 50,9380926750939
180G kit com 500,9380927111387
JBL 520BT Preto,9380927373531
1105 5000pg,9380927570139
tn660 EVOL,9380927865051
JBL 520BT BRANCO,9380928127195
1105 Premiun,9380928454875
tn660 kit com 10,9380928749787
StarLink,9380929011931
130g 3 pacote de 50,9380929241307
papel 180g 20 saco de 50,9380929503451
1105 Premiun X,9380929700059
hp 667 preto,9380929896667
520 bt Preto,9380930093275
1105 Parda,9380930289883
1105 EVO/X,9380930519259
Adaptador 2em 1,9380930715867
Lava louça,9380930978011
hadset jbl  QUANTUM,9380931141851
papel 230G 4 saco com 50,9380931338459
kit hp 667,9380931535067
kit 3-tn1060 Evolut,9380931764443
tn 1060 kit com 5,9380931961051
toner 1330+ drum 1332,9380932223195
1105xx,9380932452571
tn3472 X,9380932681947
tn1060 X,9380932878555
Placa GT 730,9380933042395
tn-1060 Evolut,9380933206235
kit 1 667 preto - 1 667 color,9380933402843
PC ONE B300 DUAL CORE I3,9380933566683
4 saco de 50 papel 130g,9380933763291
ISD 12,9380933959899
667 preto e col,9380934189275
Impressora Epson 5890,9380934385883
Placa GT730,9380934648027
1105 EVOLUT,9380934844635
fone hp DHE-8009,9380935041243
A1 mini,9380935237851
