titulo;marca;tipo;sku;gtin;preco;estoque;url
Afiador Amolador De Facas 3 Opções De Afiar Profissional;DropChina;;afiador 2;7905874281179;19.90;99;https://dropchinaoficial.com.br/products/afiador-amolador-de-facas-3-opcoes-de-afiar-profissional
Afiador Amolador De Facas 3 Opções De Afiar Profissional Hardline Vermelho;DropChina;;afiador 3;7891154202449;19.00;85;https://dropchinaoficial.com.br/products/afiador-amolador-de-facas-3-opcoes-de-afiar-profissional-hardline-vermelho
Afiador De Facas 3 Em 1 M&m Imports Com Base Antiderrapante E 3 Estágios De Afiação Vermelho;DropChina;;afiador;7890262470443;40.00;100;https://dropchinaoficial.com.br/products/afiador-de-facas-3-em-1-m-m-imports-com-base-antiderrapante-e-3-estagios-de-afiacao-vermelho
Cartucho Cilindro Compatível W1332 Para Hp M432fdn M408dn;DropChina;;W1332;7893292553490;89.90;0;https://dropchinaoficial.com.br/products/cartucho-cilindro-compativel-w1332-para-hp-m432fdn-m408dn
Cartucho Hp 667 Colorido 3ym78ab;DropChina;;hp 667 color 2ml;;92.00;0;https://dropchinaoficial.com.br/products/cartucho-hp-667-colorido-3ym78ab
Cilindro Dr3470 Drum Dr820 Dr3440  Dr3472 Fotocondutor Top!!;DropChina;;DR3440/820/850;7909624649332;69.90;12;https://dropchinaoficial.com.br/products/cilindro-dr3470-drum-dr820-dr3440-dr3472-fotocondutor-top
Combo Gamer 4x1 Teclado Mouse Headset Mousepad Strong Tech Mouse Preto Teclado Preto;DropChina;;kit gamer eg-54;7891307202807;149.90;0;https://dropchinaoficial.com.br/products/combo-gamer-4x1-teclado-mouse-headset-mousepad-strong-tech-mouse-preto-teclado-preto
Escova Rotativa Marula Bivolt Marrom 127/220v;DropChina;;Escova Gama 3D;7898496358254;379.90;21;https://dropchinaoficial.com.br/products/escova-rotativa-marula-bivolt-marrom-127-220v
Figurinhas Copa Do Mundo Oficial 2026 Kit 70 Figurinhas Lionel Messi Estádio;DropChina;;kit com 10 pacote;7908078483967;89.90;100;https://dropchinaoficial.com.br/products/figurinhas-copa-do-mundo-oficial-2026-kit-70-figurinhas-lionel-messi-estadio
Filamento De Impressora 3d Petg 1,75mm 1kg Masterprint Preto;DropChina;;filamento 3d 1,75mm BK;;78.00;84;https://dropchinaoficial.com.br/products/filamento-de-impressora-3d-petg-1-75mm-1kg-masterprint-preto
Filamento De Impressora 3d Petg 1,75mm 1kg Masterprint Preto Preto;DropChina;;FILAMENTO 3D 1.75 PRETO;7908229103720;63.90;17;https://dropchinaoficial.com.br/products/filamento-de-impressora-3d-petg-1-75mm-1kg-masterprint-preto-preto
Filamento Impressora 3d Masterprint Petg 1.75mm Preto Preto;DropChina;;filamento 3d preto;7899592090673;78.00;84;https://dropchinaoficial.com.br/products/filamento-impressora-3d-masterprint-petg-1-75mm-preto-preto
Filamento Impressão 3d 1,75mm 1kg Masterprint Petg Cor Branco;DropChina;;filamento 3d 1,75mm Branco;;78.00;0;https://dropchinaoficial.com.br/products/filamento-impressao-3d-1-75mm-1kg-masterprint-petg-cor-branco
Filamento Pet-g Masterprint De 1,75 Mm Branco Para Impressão 3d;DropChina;;3d Branco 1.75mm;;78.00;48;https://dropchinaoficial.com.br/products/filamento-pet-g-masterprint-de-1-75-mm-branco-para-impressao-3d
Gabinete Gamer Aquario Clanm Grodd Night Lateral De Vidro Temperado Preto;DropChina;;Gabinete Clanm Grodd Night;;170.00;0;https://dropchinaoficial.com.br/products/gabinete-gamer-aquario-clanm-grodd-night-lateral-de-vidro-temperado-preto
Gpu Nvidia Geforce Rtx3060 12gb Gddr6 192 Bit Graffiti Edge;DropChina;;PLACA RTX 3060;7908445442047;2489.00;0;https://dropchinaoficial.com.br/products/gpu-nvidia-geforce-rtx3060-12gb-gddr6-192-bit-graffiti-edge
Headset Hp Dhh-1601, Drivers 40mm, Conector P2 3,5mm, Cabo 2m, Preto;DropChina;;fone DHH-1601;6972431713474;69.90;8;https://dropchinaoficial.com.br/products/headset-hp-dhh-1601-drivers-40mm-conector-p2-3-5mm-cabo-2m-preto
Impressora 3x1 Multifuncional Epson Ecotank L3250 Wifi Biv Cor Preto 100v/240v;DropChina;;Impressora L3250;010343958111;1499.00;0;https://dropchinaoficial.com.br/products/impressora-3x1-multifuncional-epson-ecotank-l3250-wifi-biv-cor-preto-100v-240v
Impressora De Etiqueta Bluetooth Portátil Usb Térmica Adesiv 127/220v;DropChina;;Impressora Vinik;7908445450721;699.00;15;https://dropchinaoficial.com.br/products/impressora-de-etiqueta-bluetooth-portatil-usb-termica-adesiv-127-220v
Impressora Função Única Monocromática Pantum P2509w Branco 127v;DropChina;;Pantum 2509;6936358017817;1259.00;0;https://dropchinaoficial.com.br/products/impressora-funcao-unica-monocromatica-pantum-p2509w-branco-127v
Impressora Laser Pantum Multifuncional M7105dw 33ppm Mono Branco 127v;DropChina;;Pantum 7105DW;7895163775802;1799.00;0;https://dropchinaoficial.com.br/products/impressora-laser-pantum-multifuncional-m7105dw-33ppm-mono-branco-127v
Jbl Fone De Ouvido On Ear Tune 720bt Preto;DropChina;;720bt preto;6925281967061;390.00;0;https://dropchinaoficial.com.br/products/jbl-fone-de-ouvido-on-ear-tune-720bt-preto
Kit 350 Figurinhas Do Álbum Copa Do Mundo 2026- 50 Envelopes;DropChina;;50 pacote de Figurinha;7899395844664;398.00;50;https://dropchinaoficial.com.br/products/kit-350-figurinhas-do-album-copa-do-mundo-2026-50-envelopes
Kit Gamer Evolut Eg-54 Com Teclado, Mouse, Mousepad E Headset Preto;DropChina;;kit gamer EVO;7907954069646;149.90;28;https://dropchinaoficial.com.br/products/kit-gamer-evolut-eg-54-com-teclado-mouse-mousepad-e-headset-preto
Letitor De Cartão Usb-c 3.0 Ugreen Cm304 Sd Tf Micro Sd Cor Preto;DropChina;;ADAPT.UGREEN;6957303881918;57.90;2;https://dropchinaoficial.com.br/products/letitor-de-cartao-usb-c-3-0-ugreen-cm304-sd-tf-micro-sd-cor-preto
Monitor Gamer Pcyes Z-max Z49c 49 Curvo Dqhd 120hz 1ms Preto;DropChina;;Monitor 49;7908445445321;3998.00;1;https://dropchinaoficial.com.br/products/monitor-gamer-pcyes-z-max-z49c-49-curvo-dqhd-120hz-1ms-preto
Monitor Skul 19,5 Office Led 5ms Hd 75hz Hdmi/vga Sm1955 Pre Preto;DropChina;;Monitor 19,5;7908445442252;289.00;14;https://dropchinaoficial.com.br/products/monitor-skul-19-5-office-led-5ms-hd-75hz-hdmi-vga-sm1955-pre-preto
Máquina Maquininha Marca Rezzet De Barbear Cortar Cabelo Acabamento Cor Dourado 127/220v;DropChina;;DC0008;;28.90;5;https://dropchinaoficial.com.br/products/maquina-maquininha-marca-rezzet-de-barbear-cortar-cabelo-acabamento-cor-dourado-127-220v
Ssd Patriot Burst Elite Sata 480gb - Pbe480gs25ssdr Preto;DropChina;;Sata 480GB;;599.00;13;https://dropchinaoficial.com.br/products/ssd-patriot-burst-elite-sata-480gb-pbe480gs25ssdr-preto
Ssd Patriot Burst Pbu240gs25ssdr Pe000542 240gb Preto;DropChina;;Sata 240GB;;399.00;8;https://dropchinaoficial.com.br/products/ssd-patriot-burst-pbu240gs25ssdr-pe000542-240gb-preto
Suplemento Em Pó Creatina Universal Nutrition Creatine Pura Sem Sabor Pote 200g;DropChina;;creatina;7900465934175;47.39;29;https://dropchinaoficial.com.br/products/suplemento-em-po-creatina-universal-nutrition-creatine-pura-sem-sabor-pote-200g
Toner Compatível Brother Tn1060 Preto Hl1202 Dcp1617 1500 Impressões;DropChina;;TN1060;;25.00;50;https://dropchinaoficial.com.br/products/toner-compativel-brother-tn1060-preto-hl1202-dcp1617-1500-impressoes
Toner Compatível Flatshop D101s Preto Para Samsung Ml-2165w, 1000 Páginas;DropChina;;d101s;7891205833400;56.99;40;https://dropchinaoficial.com.br/products/toner-compativel-flatshop-d101s-preto-para-samsung-ml-2165w-1000-paginas
Toner Mlt-d111 Para Xpress M2020 M2020fw M2070w M2022w M2022 Tinta Preto;DropChina;;d111 EVOLUT;7907885903392;36.00;77;https://dropchinaoficial.com.br/products/toner-mlt-d111-para-xpress-m2020-m2020fw-m2070w-m2022w-m2022-tinta-preto
Starlink Mini Branco;Starlink;Antenas;StarLink;850049670302;980.00;0;https://dropchinaoficial.com.br/products/kit-de-internet-via-satelite-starlink-mini-branco
Escova Rotativa Gama Marula 1100W Bivolt;Gama;Beleza;GAMA-MARULA-1100;;399.00;10;https://dropchinaoficial.com.br/products/escova-rotativa-gama-marula-1100w-seca-alisa-e-modela-bivolt
Secador de Cabelo Mondial Black Tiff SCN-16 2000W Ion Tourmaline 127V;Mondial;Beleza;MONDIAL-SCN16-2000;7899882313215;199.00;10;https://dropchinaoficial.com.br/products/secador-de-cabelo-mondial-black-tiff-scn-16-2000w-ion-tourmaline-127v
Cartucho De Tinta Hp 667 Kit Preto E Colorido;HP;Cartuchos de Tinta;kit 1 667 preto - 1 667 color;;198.00;17;https://dropchinaoficial.com.br/products/cartucho-de-tinta-hp-667-kit-preto-e-colorido
Cartucho De Tinta Hp Advantage 667 Cor Preto Do 2 Ml;HP;Cartuchos de Tinta;hp 667 preto;;92.00;15;https://dropchinaoficial.com.br/products/cartucho-de-tinta-hp-advantage-667-cor-preto-do-2-ml
Kit Cartucho Hp 667 Preto E 667 Colorido 2376 2776;HP;Cartuchos de Tinta;667 preto e col;;198.90;0;https://dropchinaoficial.com.br/products/kit-cartucho-hp-667-preto-e-667-colorido-2376-2776
Kit Tinta Cartucho Hp 667 Preto E 667 Colorido;HP;Cartuchos de Tinta;kit hp 667;;198.90;26;https://dropchinaoficial.com.br/products/kit-tinta-cartucho-hp-667-preto-e-667-colorido
Câmera Panorama Bar — Videoconferência 4K UHD Compacta;ISD;Câmera de Videoconferência;ISD-PANO-BAR;;2490.00;0;https://dropchinaoficial.com.br/products/camera-panorama-bar-videoconferencia-4k-uhd-compacta
Câmera Panorama Tower 360 — Videoconferência Panorâmica 360°;ISD;Câmera de Videoconferência;ISD-PANO-T360;;4990.00;0;https://dropchinaoficial.com.br/products/camera-panorama-tower-360-videoconferencia-panoramica-360
Câmera Panorama Voice Tracker — PTZ 4K Profissional 30x;ISD;Câmera de Videoconferência;ISD-PANO-VT;;8990.00;0;https://dropchinaoficial.com.br/products/camera-panorama-voice-tracker-ptz-4k-profissional-30x
Filamento PLA Basic Laranja 1kg Bambu Lab;Bambu Lab;Filamentos 3D;PLA-BASIC-LARANJA-BAMBU;6975337032311;179.00;10;https://dropchinaoficial.com.br/products/filamento-pla-basic-laranja-1kg-bambu-lab
Filamento PLA Lite Amarelo Girassol 1kg Bambu Lab;Bambu Lab;Filamentos 3D;PLA-LITE-AMARELO-GIRASSOL-BAMBU;6937285505620;129.00;10;https://dropchinaoficial.com.br/products/filamento-pla-lite-amarelo-girassol-1kg-bambu-lab
Filamento PLA Lite Azul 1kg Bambu Lab;Bambu Lab;Filamentos 3D;PLA-LITE-AZUL-BAMBU;6937285505613;129.00;10;https://dropchinaoficial.com.br/products/filamento-pla-lite-azul-1kg-bambu-lab
Filamento PLA Lite Branco 1kg Bambu Lab;Bambu Lab;Filamentos 3D;PLA-LITE-BRANCO-BAMBU;6937285501103;119.00;10;https://dropchinaoficial.com.br/products/filamento-pla-lite-branco-1kg-bambu-lab
Filamento PLA Lite Cinza 1kg Bambu Lab;Bambu Lab;Filamentos 3D;PLA-LITE-CINZA-BAMBU;6937285501066;129.00;10;https://dropchinaoficial.com.br/products/filamento-pla-lite-cinza-1kg-bambu-lab
Filamento PLA Lite Preto 1kg Bambu Lab;Bambu Lab;Filamentos 3D;PLA-LITE-PRETO-BAMBU;6937285501127;119.00;10;https://dropchinaoficial.com.br/products/filamento-pla-lite-preto-1kg-bambu-lab
Filamento PLA Lite Verde 1kg Bambu Lab;Bambu Lab;Filamentos 3D;PLA-LITE-VERDE-BAMBU;6937285505637;129.00;10;https://dropchinaoficial.com.br/products/filamento-pla-lite-verde-1kg-bambu-lab
Filamento PLA Lite Vermelho 1kg Bambu Lab;Bambu Lab;Filamentos 3D;PLA-LITE-VERMELHO-BAMBU;6937285500977;129.00;10;https://dropchinaoficial.com.br/products/filamento-pla-lite-vermelho-1kg-bambu-lab
Fone De Ouvido Jbl Quantum 100m2 Gamer Over-ear Com Microfone Removível Para Ps4 E Ps5 Fone Ouvido Gamer Jbl Quantum 100;JBL;Fones;hadset jbl  QUANTUM;;298.90;2;https://dropchinaoficial.com.br/products/fone-de-ouvido-jbl-quantum-100m2-gamer-over-ear-com-microfone-removivel-para-ps4-e-ps5-fone-ouvido-gamer-jbl-quantum-100m2-preto
Headset P3 - Hp Dhe-8009 194r3aa - Cor Preto;HP;Fones;fone hp DHE-8009;6972431710602;67.90;7;https://dropchinaoficial.com.br/products/headset-p3-hp-dhe-8009-194r3aa-cor-preto
Fone De Ouvido Bluetooth Com Microfone Tune 520bt Branco;JBL;Fones de Ouvido;JBL 520BT BRANCO;6925281963667;299.00;16;https://dropchinaoficial.com.br/products/fone-de-ouvido-bluetooth-com-microfone-tune-520bt-branco
Fone De Ouvido Sem Fio Jbl T520bt Bluetooth 5.0 - Preto Cor Negro;JBL;Fones de Ouvido;JBL 520BT Preto;6925281963650;289.00;0;https://dropchinaoficial.com.br/products/fone-de-ouvido-bluetooth-com-microfone-tune-520bt-preto
Fone De Ouvido Tune 520bt Preto Jbl Cor Negro;JBL;Fones de Ouvido;520 bt Preto;6925281963650;269.90;0;https://dropchinaoficial.com.br/products/fone-de-ouvido-tune-520bt-preto-jbl-cor-negro
Headset Gamer Cyber Clanm Estereo 40mm LED Rainbow Microfone Omnidirecional;Clanm;Headset Gamer;CLANM-HS-CYBER-12548;;62.60;10;https://dropchinaoficial.com.br/products/headset-gamer-cyber-clanm-estereo-40mm-led-rainbow-microfone-omnidirecional
Impressora Laser Pantum P2509W Wi-Fi Compacta Mono;Pantum;Impressoras;PANTUM-P2509W;;950.00;10;https://dropchinaoficial.com.br/products/impressora-laser-pantum-p2509w-wi-fi-compacta-mono
Impressora Laser Pantum P3305DW Wi-Fi Duplex Automatico Mono;Pantum;Impressoras;PANTUM-P3305DW;;1200.00;10;https://dropchinaoficial.com.br/products/impressora-laser-pantum-p3305dw-wi-fi-e-duplex-automatico-mono
Impressora Multifuncional Cor Brancoepson Workforce Pro Wf-c Branco 127/220v;Epson;Impressoras;Impressora Epson 5890;7900332903464;3999.00;6;https://dropchinaoficial.com.br/products/impressora-multifuncional-cor-brancoepson-workforce-pro-wf-c5890-branco-127-220v
Impressora Multifuncional Epson EcoTank L3250 Colorida Wireless Wi-Fi Direct Bivolt;Epson;Impressoras;EPSON-L3250;;1399.00;10;https://dropchinaoficial.com.br/products/impressora-multifuncional-epson-ecotank-l3250-colorida-wireless-wi-fi-direct-bivolt
Impressora Multifuncional HP DeskJet Ink Advantage 2975 Colorida Wi-Fi Bivolt;HP;Impressoras;HP-DJ-2975;;790.00;10;https://dropchinaoficial.com.br/products/impressora-multifuncional-hp-deskjet-ink-advantage-2975-colorida-wi-fi-bivolt
Impressora de Cupom Fiscal e QR Code ISD 12 — USB + Ethernet;ISD;Impressoras;ISD Full;7906566898972;350.00;29;https://dropchinaoficial.com.br/products/impressora-de-cupom-e-qr-code-isd-12-usb-ethernet-preto
Multifuncional Laser Pantum M7105DW Wi-Fi ADF Duplex Mono;Pantum;Impressoras;PANTUM-M7105DW;;1799.00;10;https://dropchinaoficial.com.br/products/multifuncional-laser-pantum-m7105dw-wi-fi-adf-e-duplex-mono
Impressora 3D Bambu Lab A1 Combo com AMS Lite — Multicor, 500 mm/s;Bambu Lab;Impressoras 3D;A1 mini;;5299.00;10;https://dropchinaoficial.com.br/products/bambu-lab-impressora-3d-a1-combo-com-ams-cor-branco-127-220v
Impressora 3D Bambu Lab A1 — Nivelamento Automático, 500 mm/s;Bambu Lab;Impressoras 3D;Bambu A1;;3529.00;10;https://dropchinaoficial.com.br/products/impressora-3d-bambu-lab-a1-nivelamento-automatico-500-mm-s
Impressora 3D Bambu Lab P2S Combo com AMS 2 Pro — Multicor, 600 mm/s;Bambu Lab;Impressoras 3D;Bambu P2S Combo;;14310.00;10;https://dropchinaoficial.com.br/products/impressora-3d-bambu-lab-p2s-combo-com-ams-2-pro-multicor-600-mm-s
Impressora 3D Snapmaker U1 — 4 Cabeçotes, Multicor Real;Snapmaker;Impressoras 3D;Impressora Snapmaker;;14999.00;10;https://dropchinaoficial.com.br/products/impressora-3d-snapmaker-u1-multicolor-4-cabecotes-127-220v-branco
Lava Louças 8 Serviços Cinza Touch Plus Midea Cinza 127v;Midea;Lava-Louças;Lava louça;;1899.00;0;https://dropchinaoficial.com.br/products/lava-loucas-8-servicos-cinza-touch-plus-midea-cinza-127v-cinza-127v
Leitor De Cartão 2 Em 1 Ugreen 80191 Usb A + Usb-c Preto;Ugreen;Leitores de Cartão;Adaptador 2em 1;6957303881918;69.90;10;https://dropchinaoficial.com.br/products/leitor-de-cartao-2-em-1-ugreen-80191-usb-a-usb-c-preto
Pc Mini Pcyes One B300 Core I3 8gb Ram 256gb Ssd 127/220v;Pcyes;Mini PCs;PC ONE B300 DUAL CORE I3;;905.00;4;https://dropchinaoficial.com.br/products/pc-mini-pcyes-one-b300-core-i3-8gb-ram-256gb-ssd-127-220v
Mouse Pad Gamer PCYES Obsidian G3D 500x400mm Tecido com Infusao de Vidro;PCYES;Mouse Pad;PEMPG3D;;147.25;10;https://dropchinaoficial.com.br/products/mouse-pad-gamer-pcyes-obsidian-g3d-500-400mm-tecido-com-infusao-de-vidro
50 Folhas Masterprint 230g A4 Glossy Papel Fotografico Branco;Masterprint;Papéis para Impressão;papel foto 230g 50 folhas;7900018662272;21.48;0;https://dropchinaoficial.com.br/products/50-folhas-masterprint-230g-a4-glossy-papel-fotografico-branco
500 Folhas Papel Fotográfico A4 Glossy 180g Masterprint Cor Branco;Masterprint;Papéis para Impressão;180G kit com 500;;169.00;0;https://dropchinaoficial.com.br/products/500-folhas-papel-fotografico-a4-glossy-180g-masterprint-cor-branco
Kit De 4 Papel Fotográfico Adesivo A4 Glossy 130g 200 Fls Masterprint Cor Branco;Masterprint;Papéis para Impressão;4 saco de 50 papel 130g;;80.00;21;https://dropchinaoficial.com.br/products/kit-de-4-papel-fotografico-adesivo-a4-glossy-130g-200-fls-masterprint-cor-branco
Masterprint A4 50 Folhas Papel Fotográfico 180g Brilho Cor Branco;Masterprintt;Papéis para Impressão;180gr pacote 50;;19.00;250;https://dropchinaoficial.com.br/products/masterprint-a4-50-folhas-papel-fotografico-180g-brilho-cor-branco
Papel Foto 230g A4 100 Folhas Brilhante - Masterprint Branco;Masterprint;Papéis para Impressão;papel 230g 100 folha;7908076273034;36.00;0;https://dropchinaoficial.com.br/products/papel-foto-230g-a4-100-folhas-brilhante-masterprint-branco
Papel Foto 230g A4 100 Folhas Brilhante Masterprint Premium Branco;Masterprintt;Papéis para Impressão;230gr M;7903041244255;37.50;94;https://dropchinaoficial.com.br/products/papel-foto-230g-a4-100-folhas-brilhante-masterprint-premium-branco
Papel Fotográfico A4 Glossy 180g Masterprint Cor Branco kit com 1000 folhas;Masterprint;Papéis para Impressão;papel 180g 20 saco de 50;;240.00;0;https://dropchinaoficial.com.br/products/1-000-folhas-papel-fotografico-a4-glossy-180g-masterprint-cor-branco
Papel Fotográfico Adesivo 130g A4 Glossy Masterprint 100 Fls Cor Branco;Masterprint;Papéis para Impressão;130gr 100 folhas dois pacote de 50;7902041607831;40.90;0;https://dropchinaoficial.com.br/products/papel-fotografico-adesivo-130g-a4-glossy-masterprint-100-fls-cor-branco
Papel Fotográfico Adesivo 130g Foto A4 150 Fls Glossy Brilho Cor Branco;Papel Foto Adesivo Masterprint;Papéis para Impressão;130g 3 pacote de 50;;60.00;0;https://dropchinaoficial.com.br/products/papel-fotografico-adesivo-130g-foto-a4-150-fls-glossy-brilho-cor-branco
Papel Fotográfico Adesivo A4 Glossy 130g 50 Folhas Masterprint Branco;Masterprint;Papéis para Impressão;130gr PCT 50;;18.89;11;https://dropchinaoficial.com.br/products/papel-fotografico-adesivo-a4-glossy-130g-50-folhas-masterprint-branco
Papel Fotográfico Foto 180g Masterprint A4 Glossy 100 Folhas Cor Branco;Masterprint;Papéis para Impressão;kit 100 folhas 180gr;7908859389112;30.90;0;https://dropchinaoficial.com.br/products/papel-fotografico-foto-180g-masterprint-a4-glossy-100-folhas-cor-branco
Papel Fotográfico Masterprint Glossy A4 230g 200 Folhas Branco;Masterprint;Papéis para Impressão;papel 230G 4 saco com 50;7898229846201;58.40;0;https://dropchinaoficial.com.br/products/papel-fotografico-masterprint-glossy-a4-230g-200-folhas-branco
Placa de Video Clanm NVIDIA GeForce GT 730 4GB DDR3 128 Bits HDMI DVI VGA;Clanm;Placa de Vídeo;CLANM-GT730-4GB-12724;;350.36;10;https://dropchinaoficial.com.br/products/placa-de-video-clanm-nvidia-geforce-gt-730-4gb-ddr3-128-bits-hdmi-dvi-vga
Placa de Video PCYES AMD Radeon R7 250 4GB GDDR5 128 Bits Single Fan;PCYES;Placa de Vídeo;PJR7250X4GB;7908445431812;431.30;10;https://dropchinaoficial.com.br/products/placa-de-video-pcyes-amd-radeon-r7-250-4gb-gddr5-128-bits-single-fan
Placa de Video PCYES GeForce GTX 1050 Ti 4GB GDDR5 128 Bits Dual Fan;PCYES;Placa de Vídeo;PVGTX1050TI4GBR5128;7908445419766;854.05;10;https://dropchinaoficial.com.br/products/placa-de-video-pcyes-geforce-gtx-1050-ti-4gb-gddr5-128-bits-dual-fan-graffiti-series
Placa de Video PCYES GeForce GTX 1660 Super 6GB GDDR6 192 Bits Dual Fan;PCYES;Placa de Vídeo;PA1660S6GR6DF;;1281.55;10;https://dropchinaoficial.com.br/products/placa-de-video-pcyes-geforce-gtx-1660-super-6gb-gddr6-192-bits-dual-fan-graffiti-series
Placa De Video Clanm Geforce Nvidia Gt730 4gb Ddr3 128bit Gt 730;CLANM;Placas de Vídeo;Placa GT 730;7894175677203;320.90;37;https://dropchinaoficial.com.br/products/placa-de-video-clanm-geforce-nvidia-gt730-4gb-ddr3-128bit-gt-730
Placa De Vídeo Nvidia Gamer Geforce 700 Series Gt 730 Clanm;CLANM;Placas de Vídeo;Placa GT730;7908065759204;399.00;5;https://dropchinaoficial.com.br/products/placa-de-video-nvidia-gamer-geforce-700-series-gt-730-clanm
Teclado PCYES Soft Multimidia USB ABNT2 Cabo 2m 107 Teclas Preto;PCYES;Teclado;PTOSF2AB;;64.81;10;https://dropchinaoficial.com.br/products/teclado-pcyes-soft-multimidia-usb-abnt2-cabo-2m-107-teclas-preto
Teclado Gamer Clanm Shadow Valley Abnt2 Led Rainbow Anti-ghosting Usb Preto Português Brasil;CLANM;Teclados Físicos;Teclado Shadow valley clanm;7898415240394;42.70;10;https://dropchinaoficial.com.br/products/teclado-gamer-clanm-shadow-valley-abnt2-led-rainbow-anti-ghosting-usb-preto-portugues-brasil
Teclado Gamer Mecânico Clanm Snow Walker Branco Rgb Switch Abnt2;CLANM;Teclados Físicos;TECLADO SNOW WALKER V2;7892005239928;189.90;50;https://dropchinaoficial.com.br/products/teclado-gamer-mecanico-clanm-snow-walker-branco-rgb-switch-abnt2
Teclado Mecânico Gamer 60% Clanm Night Walker V2 Rgb Switch Red Abnt2 Preto Português Brasil;CLANM;Teclados Físicos;Teclado Walker v2;7906030447934;149.00;1;https://dropchinaoficial.com.br/products/teclado-mecanico-gamer-60-clanm-night-walker-v2-rgb-switch-red-abnt2-preto-portugues-brasil
2x Toner Para Brother Hl 1212w 1617nw Tn1060 Novo Compativel Preto;Evolut;Toners;tn1060 X;7893468041042;55.00;50;https://dropchinaoficial.com.br/products/2x-toner-para-brother-hl-1212w-1617nw-tn1060-novo-compativel-preto
Cartucho De Toner 5000 Impressões Compatível Flatshop Para Impressora Hp 105a W1105a 107a 107w 108a 108w 135a 131a 133pn;Flatshop;Toners;1105 5000pg;7894896601440;89.90;100;https://dropchinaoficial.com.br/products/cartucho-de-toner-5000-impressoes-compativel-flatshop-para-impressora-hp-105a-w1105a-107a-107w-108a-108w-135a-131a-133pn-136a-preto
Cartucho Toner Dcp-l5652dn Mfc-l6702dw Tn3472 Tn-3472 L5652 Tinta Preto;Byqualy;Toners;tn3472 X;;56.50;23;https://dropchinaoficial.com.br/products/cartucho-toner-dcp-l5652dn-mfc-l6702dw-tn3472-tn-3472-l5652-tinta-preto
Kit 10 Toner 105a Compatível Evolut W1105a P 107a 107w 135a 135w 137fnw Tinta Preto;Evolut;Toners;1105 Parda;7899692636023;398.00;11;https://dropchinaoficial.com.br/products/kit-10-toner-105a-compativel-evolut-w1105a-p-107a-107w-135a-135w-137fnw-tinta-preto
Kit 10 Toner Compatível Brother Tn660 Tn2340 Tn2370 Preto 2600 Páginas Preto Black;Chinamate;Toners;tn660 kit com 10;;235.00;0;https://dropchinaoficial.com.br/products/kit-10-toner-compativel-brother-tn660-tn2340-tn2370-preto-2600-paginas-preto-black
Kit 2x Toner Compatível Com Hp W1105 Com Chip 105a 107a 107w 135a 135w Laserjet Tinta Preto Uni;Evolut;Toners;1105 evol;7907397999661;58.61;42;https://dropchinaoficial.com.br/products/kit-2x-toner-compativel-com-hp-w1105-com-chip-105a-107a-107w-135a-135w-laserjet-tinta-preto-uni
Kit 3 Toners Compatíveis Brother Tn1060 Evolut Hl1212 Dcp1510 1000 Páginas Preto;Evolut Supreme;Toners;kit 3-tn1060 Evolut;;89.90;29;https://dropchinaoficial.com.br/products/kit-3-toners-compativeis-brother-tn1060-evolut-hl1212-dcp1510-1000-paginas-preto
Kit 5 Toner 1105 Comp Hp Laser Mfp 135a 135w 137fnw C/ Chip - Preto;Evolut;Toners;hp 1105;7900120288148;185.90;16;https://dropchinaoficial.com.br/products/kit-5-toner-1105-comp-hp-laser-mfp-135a-135w-137fnw-c-chip-preto
Kit 5x Toner Compatível Dcp-1617nw Dcp-1602 Hl-1202 Tn-1060 Tinta Preto;Byqualy;Toners;tn 1060 kit com 5;;81.90;40;https://dropchinaoficial.com.br/products/kit-5x-toner-compativel-dcp-1617nw-dcp-1602-hl-1202-tn-1060-tinta-preto
Kit Com 5 Toner Para Uso Brothertn-2370 Tn2340 Tn660 L2540 D Preto;Drop;Toners;kit tn660 5pc DropChina;7905779380427;100.00;39;https://dropchinaoficial.com.br/products/kit-com-5-toner-para-uso-brothertn-2370-tn2340-tn660-l2540-d-preto
Kit Toner + Cilindro Para Hp M432 M408 W1330 W1332 Chip Tinta Preto;Cp Compatível;Toners;toner 1330+ drum 1332;;140.00;19;https://dropchinaoficial.com.br/products/kit-toner-cilindro-para-hp-m432-m408-w1330-w1332-chip-tinta-preto
Toner Compativel Com Tn660 Dcp-l2540dw L2540dw L2540 2540dw 2540 Tinta Preto Evolut Preto Black;Evolut;Toners;tn660 EVOL;;27.78;0;https://dropchinaoficial.com.br/products/toner-compativel-com-tn660-dcp-l2540dw-l2540-2540dw-2540-tinta-preto-evolut-preto-black
Toner Compatível Premium Tn2340 Tn2370 Preto 2600 Páginas Brother;Premium;Toners;tn600 M;7902775927588;22.00;24;https://dropchinaoficial.com.br/products/toner-compativel-premium-tn2340-tn2370-preto-2600-paginas-brother
Toner Compatível Premium Tn2340 Tn2370 Tn660 Preto 2600 Páginas;Premium;Toners;660 X;7904740806850;21.00;41;https://dropchinaoficial.com.br/products/toner-compativel-premium-tn2340-tn2370-tn660-preto-2600-paginas
Toner Compatível Preto Premium Hp W1105 105a M107a M107w M135a M135w;Premium;Toners;1105 Premiun;;48.90;69;https://dropchinaoficial.com.br/products/toner-compativel-preto-premium-hp-w1105-105a-m107a-m107w-m135a-m135w
Toner Compatível Ricoh Premium Sp3500 Sp3510 Sp3410 Preto 6.4k;Premium;Toners;3510;;48.20;13;https://dropchinaoficial.com.br/products/toner-compativel-ricoh-premium-sp3500-sp3510-sp3410-preto-6-preto
Toner Compatível Strom Hp Mfp 137fnw 107a 135a W1105a Preto;Strom;Toners;1105 kit 3;7890398293879;112.00;7;https://dropchinaoficial.com.br/products/toner-compativel-strom-hp-mfp-137fnw-107a-135a-w1105a-preto
Toner Evolut Tn1060 Preto Compatível 370g;Evolut;Toners;tn-1060 Evolut;;25.00;47;https://dropchinaoficial.com.br/products/toner-evolut-tn1060-preto-compativel-370g
Toner Mlt-d111s D111 M2020w M2070w M2070fw Alta Capacidade T Preto;Byqualy;Toners;d111S;7904001372773;37.96;0;https://dropchinaoficial.com.br/products/toner-mlt-d111s-d111-m2020w-m2070w-m2070fw-alta-capacidade-t-preto
Toner Para Impressora Laser Modelo Brother Para Tn2340 L2540dw Tn2370 Tn660 Kit Com 5 Toner Compatível Dropchina Preto;DropChina;Toners;tn660 DropChina;;99.00;8;https://dropchinaoficial.com.br/products/toner-para-impressora-laser-modelo-brother-para-tn2340-l2540dw-tn2370-tn660-kit-com-5-toner-compativel-dropchina-preto
"Totem de Autoatendimento Facial 32"" — Reconhecimento Facial";ISD;Totem de Autoatendimento;ISD-TOTEM-FACIAL32;;14900.00;0;https://dropchinaoficial.com.br/products/totem-de-autoatendimento-facial-32-reconhecimento-facial
"Totem de Autoatendimento Kiosk 21,5"" — Balcão";ISD;Totem de Autoatendimento;ISD-TOTEM-KIOSK21;;6900.00;0;https://dropchinaoficial.com.br/products/totem-de-autoatendimento-kiosk-21-5-balcao
"Totem de Autoatendimento Móvel 24"" — Portátil";ISD;Totem de Autoatendimento;ISD-TOTEM-MOVEL24;;9900.00;0;https://dropchinaoficial.com.br/products/totem-de-autoatendimento-movel-24-portatil
"Totem de Autoatendimento Stand 5 — Premium 32""";ISD;Totem de Autoatendimento;ISD-TOTEM-STAND5;;12900.00;0;https://dropchinaoficial.com.br/products/totem-de-autoatendimento-stand-5-premium-32
