sku;titulo;nosso_preco;mediana;menor_concorrente;loja_menor;veredito;diferenca_pct;ofertas
Placa GT730;Placa De Vídeo Nvidia Gamer Geforce 700 Series Gt 730 Clanm;399.00;339.89;289.00;SetupNinja;maior;17.4;Amazon:339.89:https://www.amazon.com.br/NVidia-GeForce-GT730-DirectX-CL-GT730LP-2GD3/dp/B0FYRBSLQ8 | Kabum:354.05:https://www.kabum.com.br/produto/742058/placa-de-video-nvidia-geforce-gt730-4gb-ddr3-128bit-clanm | SetupNinja:289.00:https://www.setupninja.com.br/placa-de-video-clanm-geforce-gt-730-4gb-ddr3-128-bit-clanmgt7304gb
PTOSF2AB;Teclado PCYES Soft Multimidia USB ABNT2 Cabo 2m 107 Teclas Preto;64.81;79.99;73.90;Amazon;menor;-19.0;Kabum:79.99:https://www.kabum.com.br/produto/357722/teclado-soft-pcyes-usb-2-metros-abnt2-preto-ptosf2ab | Amazon:73.90:https://www.amazon.com.br/TECLADO-SOFT-COM-MULTIM%C3%8DDIA-METROS/dp/B09TG592Z6 | Mercado Livre:89.37:https://www.mercadolivre.com.br/teclado-usb-soft-com-multimidia-cabo-2-metros-abnt2-cor-de-teclado-preto/p/MLB27514965
Teclado Shadow valley clanm;Teclado Gamer Clanm Shadow Valley Abnt2 Led Rainbow Anti-ghosting Usb Preto Português Brasil;42.70;57.22;55.38;Gold Supri;menor;-25.4;Fortini Paper:75.90:https://www.fortinipaper.com.br/produtos/teclado-gamer-shadow-valley-clanm/ | Gold Supri:55.38:https://www.goldsupriinformatica.com.br/teclado-gamer-shadow-valley-clanm | Mundoware:57.22:https://www.mundoware.com.br/teclado-gamer-abnt2-clanm-cl-tj8313
TECLADO SNOW WALKER V2;Teclado Gamer Mecânico Clanm Snow Walker Branco Rgb Switch Abnt2;189.90;149.10;134.90;Cartucho Facil;maior;27.4;Kabum:169.00:https://www.kabum.com.br/produto/617694/teclado-gamer-branco-mecanico-snow-walker-clanm | Mercado Livre:149.10:https://www.mercadolivre.com.br/teclado-gamer-mecanico-clanm-60-snow-walker-branco-switches-rgb-qwerty/p/MLB39508488 | Cartucho Facil:134.90:https://www.cartuchofacil.com.br/teclado-60-snow-walker-clanm.html
Teclado Walker v2;Teclado Mecânico Gamer 60% Clanm Night Walker V2 Rgb Switch Red Abnt2 Preto Português Brasil;149.00;152.00;144.90;Kabum;igual;-2.0;Kabum:144.90:https://www.kabum.com.br/produto/912968/teclado-gamer-60-night-walker-v2-mecanico-clanm-rgb | Mercado Livre:152.00:https://www.mercadolivre.com.br/teclado-gamer-clanm-60-night-walker-rgb-switch-red-mecnico/p/MLB38773519 | Amazon:159.00:https://www.amazon.com.br/Mec%C3%A2nico-Anti-Ghosting-292x105mm-Night-Walker/dp/B0DL1CHWL7
tn1060 X;2x Toner Para Brother Hl 1212w 1617nw Tn1060 Novo Compativel Preto;55.00;67.06;61.66;PrintLoja kit2;menor;-18.0;PrintLoja kit2:61.66:https://www.printloja.com.br/toner/compativel-brother/toner-tn1060 | Tec Print kit2:72.45:https://www.tecprintsp.com.br/cartucho-toner/brother/kit-5x-toner-brother-compativel-tn1060-1202121216021617
1105 5000pg;Cartucho De Toner 5000 Impressões Compatível Flatshop Para Impressora Hp 105a W1105a 107a 107w 108a 108w 135a 131a 133pn;89.90;;;;sem-referencia;;
tn3472 X;Cartucho Toner Dcp-l5652dn Mfc-l6702dw Tn3472 Tn-3472 L5652 Tinta Preto;56.50;51.85;51.85;Amazon;maior;9.0;Amazon:51.85:https://www.amazon.com.br/Compat%C3%ADvel-Brother-L6202DW-L5602DN-HL-L6250DW/dp/B07FTQMTP9
1105 Parda;Kit 10 Toner 105a Compatível Evolut W1105a P 107a 107w 135a 135w 137fnw Tinta Preto;398.00;;;;sem-referencia;;
tn660 kit com 10;Kit 10 Toner Compatível Brother Tn660 Tn2340 Tn2370 Preto 2600 Páginas Preto Black;235.00;374.60;228.00;Kabum;menor;-37.3;Kabum:228.00:https://www.kabum.com.br/produto/942490/kit-10-toner-compativel-brother-tn2340-tn2370-tn660-l2540dw-cor-preto | Creative Copias:374.60:https://www.creativecopias.com.br/caixa-com-10-toner-compativel-brother-tn-2370-tn-2340-tn-660-2360-2320-2720-2740-2700-premium.html | Support Suprimentos:450.00:https://supportsuprimentos.com.br/kit-10-toner-brother-tn660/
1105 evol;Kit 2x Toner Compatível Com Hp W1105 Com Chip 105a 107a 107w 135a 135w Laserjet Tinta Preto Uni;58.61;88.43;83.94;Compatix 2x unit (derivado);menor;-33.7;Compatix 2x unit (derivado):83.94:https://www.compatix.com.br/produtos/cartucho-de-toner-hp-w1105a-105a-107a-107w-135a-135w-137a-compativel-c-chip/ | Creative Copias 2x unit (derivado):92.92:https://www.creativecopias.com.br/toner-compativel-com-hp-105a-w1105a-107a-107w-135a-135w-importado-1k.html
kit 3-tn1060 Evolut;Kit 3 Toners Compatíveis Brother Tn1060 Evolut Hl1212 Dcp1510 1000 Páginas Preto;89.90;;;;sem-referencia;;
hp 1105;Kit 5 Toner 1105 Comp Hp Laser Mfp 135a 135w 137fnw C/ Chip - Preto;185.90;186.37;178.41;loja nao identificada kit5;igual;-0.2;loja nao identificada kit5:178.41: | loja nao identificada kit5:194.32:
tn 1060 kit com 5;Kit 5x Toner Compatível Dcp-1617nw Dcp-1602 Hl-1202 Tn-1060 Tinta Preto;81.90;139.99;139.00;Mercado Livre;menor;-41.5;Mercado Livre:139.00:https://lista.mercadolivre.com.br/toner-brother-tn-1060 | Magazine Luiza:139.99:https://www.magazineluiza.com.br/busca/toner+compativel+brother+tn1060/ | PrintLoja:146.44:https://www.printloja.com.br/toner/compativel-brother/toner-tn1060
kit tn660 5pc DropChina;Kit Com 5 Toner Para Uso Brothertn-2370 Tn2340 Tn660 L2540 D Preto;100.00;147.47;125.00;Mundoware 5x unit (derivado);menor;-32.2;Via Aquarela:169.94:https://www.viaaquarela.com.br/cartucho-de-toner/kit-5-toner-tn-660-tn660-tn2340-tn2370-compativel-dcp-l2540 | Mundoware 5x unit (derivado):125.00:https://www.mundoware.com.br/toner-compativel-tn2340-tn2370-tn660
toner 1330+ drum 1332;Kit Toner + Cilindro Para Hp M432 M408 W1330 W1332 Chip Tinta Preto;140.00;;;;sem-referencia;;
tn660 EVOL;Toner Compativel Com Tn660 Dcp-l2540dw L2540dw L2540 2540dw 2540 Tinta Preto Evolut Preto Black;27.78;28.90;25.00;Mundoware;menor;-3.9;Mundoware:25.00:https://www.mundoware.com.br/toner-compativel-tn2340-tn2370-tn660 | Mercado Livre:28.90:https://www.mercadolivre.com.br/toner-compativel-premium-preto-tn660-tn2340-tn2370-para-brother-dcp-l2540dw-mfc-l2740dw/p/MLB22605411 | Atacadao do Toner:29.90:https://www.atacadaodotoner.com.br/toner-tn-2370-hl-l2360dw-hl-l2320d-tn2370-tn2340-tn660-630
tn600 M;Toner Compatível Premium Tn2340 Tn2370 Preto 2600 Páginas Brother;22.00;28.90;25.00;Mundoware;menor;-23.9;Mundoware:25.00:https://www.mundoware.com.br/toner-compativel-tn2340-tn2370-tn660 | Mercado Livre:28.90:https://www.mercadolivre.com.br/toner-compativel-premium-preto-tn660-tn2340-tn2370-para-brother-dcp-l2540dw-mfc-l2740dw/p/MLB22605411 | Atacadao do Toner:29.90:https://www.atacadaodotoner.com.br/toner-tn-2370-hl-l2360dw-hl-l2320d-tn2370-tn2340-tn660-630
660 X;Toner Compatível Premium Tn2340 Tn2370 Tn660 Preto 2600 Páginas;21.00;28.90;25.00;Mundoware;menor;-27.3;Mundoware:25.00:https://www.mundoware.com.br/toner-compativel-tn2340-tn2370-tn660 | Mercado Livre:28.90:https://www.mercadolivre.com.br/toner-compativel-premium-preto-tn660-tn2340-tn2370-para-brother-dcp-l2540dw-mfc-l2740dw/p/MLB22605411 | Atacadao do Toner:29.90:https://www.atacadaodotoner.com.br/toner-tn-2370-hl-l2360dw-hl-l2320d-tn2370-tn2340-tn660-630
1105 Premiun;Toner Compatível Preto Premium Hp W1105 105a M107a M107w M135a M135w;48.90;46.46;42.50;Intersupri;maior;5.3;Creative Copias:46.46:https://www.creativecopias.com.br/toner-compativel-com-hp-105a-w1105a-107a-107w-135a-135w-importado-1k.html | Intersupri:42.50:https://www.intersupri.com.br/tonerhp105a-w1105a-preto-compatvel-p3486 | MC Paper:49.70:https://www.mcpaper.com.br/toner-compativel-105a-w1105a-c-chip-107aw-135a-135w-137fnw/p
3510;Toner Compatível Ricoh Premium Sp3500 Sp3510 Sp3410 Preto 6.4k;48.20;70.42;39.90;Supli;menor;-31.6;Supli:39.90:https://www.supli.com.br/cartucho-toner-compativel-para-ricoh-sp3500-sp3510-sp3400 | Amazon:70.42:https://www.amazon.com.br/Compat%C3%ADvel-SP3500N-SP3510DN-SP3500SF-SP-3510DN/dp/B076GJ5GQW | Creative Copias:78.78:https://www.creativecopias.com.br/toner-compativel-com-ricoh-aficio-sp3500-sp3510-sp3400-sp3500-sp3510sf-sp3500sf-premium-64k.html
1105 kit 3;Toner Compatível Strom Hp Mfp 137fnw 107a 135a W1105a Preto;112.00;123.20;116.50;Mundoware (pix);menor;-9.1;Kabum:129.90:https://www.kabum.com.br/produto/642912/3x-toner-compativel-p-hp-105a-w1105a-107a-107w-135a-c-chip | Mundoware (pix):116.50:https://www.mundoware.com.br/toner-compativel-para-hp-w1105a-masteprint-3x
tn-1060 Evolut;Toner Evolut Tn1060 Preto Compatível 370g;25.00;26.70;23.26;Magazine Luiza (pix);menor;-6.4;Creative Copias:30.15:https://www.creativecopias.com.br/toner-compativel-brother-tn1060-dcp1602-dcp1512-dcp1617nw-hl1112-hl1202-hl1212w-premium-1k.html | Magazine Luiza (pix):23.26:https://www.magazineluiza.com.br/busca/toner+compativel+brother+tn1060/
d111S;Toner Mlt-d111s D111 M2020w M2070w M2070fw Alta Capacidade T Preto;37.96;44.00;41.99;Mercado Livre;menor;-13.7;Mercado Livre:41.99:https://lista.mercadolivre.com.br/toner-samsung-mlt-d111s-original | Pronta Entrega BH:44.00:https://www.prontaentregabh.com.br/toner-compativel-samsung-mlt-d111s-1k-d111s-m2020-m2020fw-m2070-m2070w-2070fw | Creative Copias:59.59:https://www.creativecopias.com.br/toner-compativel-samsung-mlt-d111s-d111s-m2020-m2020fw-m2070-m2070w-m2070fw-premium-1k.html
tn660 DropChina;Toner Para Impressora Laser Modelo Brother Para Tn2340 L2540dw Tn2370 Tn660 Kit Com 5 Toner Compatível Dropchina Preto;99.00;147.47;125.00;Mundoware 5x unit (derivado);menor;-32.9;Via Aquarela:169.94:https://www.viaaquarela.com.br/cartucho-de-toner/kit-5-toner-tn-660-tn660-tn2340-tn2370-compativel-dcp-l2540 | Mundoware 5x unit (derivado):125.00:https://www.mundoware.com.br/toner-compativel-tn2340-tn2370-tn660
ISD-TOTEM-FACIAL32;"Totem de Autoatendimento Facial 32"" — Reconhecimento Facial";14900.00;;;;sem-referencia;;
ISD-TOTEM-KIOSK21;"Totem de Autoatendimento Kiosk 21,5"" — Balcão";6900.00;;;;sem-referencia;;
ISD-TOTEM-MOVEL24;"Totem de Autoatendimento Móvel 24"" — Portátil";9900.00;;;;sem-referencia;;
ISD-TOTEM-STAND5;"Totem de Autoatendimento Stand 5 — Premium 32""";12900.00;;;;sem-referencia;;
